INSERT INTO [POS].[dbo].[db_uom]
           ([uom_code]
           ,[uom_name]
           ,[active])
     VALUES
           ('001','กิโลกรัม',1),
           ('002','กรัม',1),
           ('003','ลิตร',1),
           ('004','มิลลิลิตร',1),
           ('005','โหล',1),
           ('006','ใบ',1),
           ('007','อัน',1),
           ('008','เครื่อง',1),
           ('009','ชุด',1),
           ('010','แพ็ค',1),
           ('011','ชิ้น',1),
           ('012','ม้วน',1),
           ('013','แกลลอน',1),
           ('014','แผ่น',1),
           ('015','เล่ม',1),
           ('016','ตัว',1),
           ('017','ถัง',1),
           ('018','ลัง',1),
           ('019','ถุง',1),
           ('020','กล่อง',1),
           ('021','ดอก',1),
           ('022','ลูก',1),
           ('023','กระป๋อง',1),
           ('024','ขวด',1),
           ('025','ซอง',1),
           ('026','ปิ๊ป',1),
           ('027','หวี',1),
           ('028','ด้าม',1),
           ('029','ก้อน',1), 
           ('030','ฟอง',1) , 
           ('031','ช้อน',1)             
GO


INSERT INTO [POS].[dbo].[in_material_group]
           ([material_group_code]
           ,[material_group_name]
           ,[active])
     VALUES
           ('1','FOOD',1)
           ,('4','PACKING',1)
           ,('6','OTHER',1)
GO

INSERT INTO [POS].[dbo].[in_period_group]
           ([period_group_code]
           ,[period_group_name]
           ,[active])
     VALUES
           ('1','UNCOUNT',1),
           ('2','Monthly',1),
           ('3','Daily',1),
           ('4','Weekly',1)
GO

INSERT INTO [POS].[dbo].[in_material]
           ([material_code]
           ,[material_name]
           
           ,[material_group_id]
           ,[period_group_id]
           
           ,[max_stock]
           ,[uom_id_receive]
           
           ,[min_stock]
           ,[uom_id_count]
           
           ,[shelf_life]
           ,[uom_id_use]
           
           ,[acceptable_variance]
           ,[material_cost]
           
		   ,[active])
     VALUES
           ('1','น้ำ',1,1,1,1,1,1,1000,2,1,0,1),
           ('01-0001','มีดสเต็ก',4,2,1,5,12,28,1,28,1,25,1),
           ('01-0002','ช้อนซุป',4,2,1,5,12,28,1,28,1,25,1),
           ('01-0003','ช้อน',4,2,1,5,12,28,1,28,1,20,1),
           ('01-0004','ซ่อม',4,2,1,5,12,28,1,28,1,20,1),
           ('01-0005','แก้วน้ำJeffer',4,2,1,5,12,6,1,6,1,0,1),
           ('01-0006','จานสีดำเล็ก',4,2, 1,6,1,6,1,6,1,30,1),
           ('01-0007','จานจับคู่สเต็ก',4,2, 1,6,1,6,1,6,1,50,1),
           ('01-0008','จานสุดคุ้มจัมโบ้',4,2, 1,6,1,6,1,6,1,0,1),
           ('01-0009','ถ้วยซุปสีขาว',4,2, 1,6,1,6,1,6,1,0,1),
           ('01-0010','จานแบ่งสีขาว',4,2, 1,6,1,6,1,6,1,0,1),
           ('01-0011','หม้ออุ่นซอส',4,2, 1,8,1,8,1,8,1,0,1),
           ('01-0012','รางเสียบบิลยาว',4,2, 1,7,1,7,1,7,1,0,1),
           ('01-0013','ถ้วยซอสทรงกระถาง',4,2, 1,6,1,6,1,6,1,30,1),
           ('01-0014','ถ้วยส้มตำ',4,2, 1,6,1,6,1,6,1,0,1),
           ('01-0015','จานทานเล่น',4,2, 1,6,1,6,1,6,1,0,1),
           ('01-0016','จานสลัด',4,2, 1,6,1,6,1,6,1,0,1),
           ('01-0017','ถ้วยน้ำสลัด',4,2, 1,6,1,6,1,6,1,0,1),
           ('01-0018','หม้ออุ่นซุป',4,2, 1,8,1,8,1,8,1,8690,1),
           ('01-0019','กระปุกพริกไทย',4,2, 1,7,1,7,1,7,1,250,1),
           ('01-0020','จานสลัดแบบใหม่',4,2, 1,6,1,6,1,6,1,120,1),
           ('01-0021','กระปุกพริกเกลือ',4,2, 1,7,1,7,1,7,1,250,1),
           ('01-0022','จานสปาเก็ตตี้',4,2, 1,6,1,6,1,6,1,35,1),
           ('01-0023','ถาด',4,2, 1,6,1,6,1,6,1,100,1),
           ('01-0024','แก้วน้ำปั่น',4,2, 1,5,1,5,1,5,1,600,1),
           ('01-0025','เหยือกเครื่องดื่ม',4,2, 1,7,1,7,1,7,1,55,1),
           ('01-0026','ที่โรยอโรมาต',4,2, 1,7,1,7,1,7,1,180,1),
           ('01-0029','ถ้วยซุปพร้อมฝา',4,2, 1,9,1,9,1,9,1,0,1),
           ('01-0030','จานสลัดเปลือกหอย',4,2, 1,6,1,6,1,6,1,0,1),
           ('01-0031','จานของหวานจานแบ่ง',4,2, 1,6,1,6,1,6,1,0,1),
           ('01-0032','จานสเต็ก',4,2, 1,6,1,6,1,6,1,0,1),
           ('01-0033','ชามก๋วยเตี๋ยว',4,2, 1,6,1,6,1,6,1,0,1),
           ('01-0034','เซ็ทชุดอบรวม',4,2, 1,6,1,6,1,6,1,0,1),
           ('01-0035','จานใส่ขนมปังกระเทียม',4,2, 1,6,1,6,1,6,1,0,1),
           ('01-0036','ชุดจานเฟรนฟรายซ์',4,2, 1,6,1,6,1,6,1,0,1),
           ('01-0037','แก้วกาแฟ',4,2, 1,6,1,6,1,6,1,0,1),
           ('01-0038','ถาดชุดเด็ก',4,2, 1,6,1,6,1,6,1,0,1),
           ('01-0039','ถ้วยชุดเด็ก',4,2, 1,6,1,6,1,6,1,0,1),
           ('01-0040','แก้วชุดเด็ก',4,2, 1,6,1,6,1,6,1,0,1),
           ('01-0041','แก้วน้ำอุ่นชุดใหม่',4,2, 1,5,12,6,1,6,1,0,1),
           ('01-0042','แก้วน้ำ',4,2, 1,5,12,6,1,6,1,0,1),
           ('01-0043','กล่องน้ำตาล+คอฟฟี่เมต',4,2, 1,7,1,7,1,7,1,0,1),
           ('01-0044','ช้อนซุปเมลามีน',4,2, 1,7,1,7,1,7,1,0,1),
           ('01-0045','ตะเกียบสีดำ',4,2, 1,10,1,10,1,10,1,0,1),
           ('01-0046','ตะเกียบสีทอง',4,2, 1,10,1,10,1,10,1,0,1),
           
           ('01-1002','ไมโครเวฟ',4,2, 1,8,1,8,1,8,1,2000,1),
           ('01-1003','เครื่องตีเนย5ลิตร',4,2, 1,8,1,8,1,8,1,9000,1),   
           ('01-1004','เครื่องชงกาแฟ auto',4,2, 1,8,1,8,1,8,1,18500,1),
           ('01-1005','เครื่องปั่นอีเบ็นเตอร์',4,2, 1,8,1,8,1,8,1,13000,1),
           ('01-1006','เครื่องปั่น Champ',4,2, 1,8,1,8,1,8,1,9000,1),
           
           ('02-0001','คลิปการ์ด',4,2, 1,7,1,7,1,7,1,80,1),
           ('02-0002','เต็นการ์ด',4,2, 1,7,1,7,1,7,1,100,1),
           ('02-0003','สแตนวางเมนู',4,2, 1,7,1,7,1,7,1,2000,1), 
           ('02-0004','Jeffer',4,2, 1,11,1,11,1,11,1,25,1),
           
           ('02-1002','UNUSE',4,2, 1,8,1,8,1,8,1,0,1),
           ('02-1003','UNUSE',4,2, 1,8,1,8,1,8,1,0,1),
           ('02-1004','UNUSE',4,2, 1,8,1,8,1,8,1,0,1),
           ('02-1005','UNUSE',4,2, 1,8,1,8,1,8,1,0,1),
           ('02-1006','UNUSE',4,2, 1,8,1,8,1,8,1,0,1), 
           
           ('03-0001','ถุงมือพลาสติกฟรีไซต์',4,2, 1,10,100,11,1,11,1,0.73,1),
           ('03-0003','ถุงมือแพทย์ไซต์ M',4,2, 1,10,1,10,1,10,1,186,1),
           ('03-0004','ถุงมือแพทย์ไซต์ S',4,2, 1,10,1,10,1,10,1,175,1),
           ('03-0003','ช้อนพลาสติก',4,2, 1,10,100,11,1,11,1,0.53,1),
           
           ('03-0013','หลอดงอขาว',4,2, 1,10,1,10,1,10,1,138,1),
           ('03-0014','ฝาปิดแก้วน้ำ',4,2, 1,10,1,10,1,10,1,30,1), 
           ('03-0015','แก้วน้ำพลาสติก(เจฟเฟอร์)',4,2, 1,10,1,10,1,10,1,140,1),
           ('03-0017','กระดาษห่อมีดส้อม',4,2, 1,10,1,10,1,10,1,33,1),
           ('03-0018','หลอดน้ำปั่นมีช้อน',4,2, 1,10,1,10,1,10,1,138,1),
           ('03-0019','ส้อมพลาสติก',4,2, 1,10,1,10,1,10,1,95,1),
           ('03-0020','ผ้าขนหนู12*12',4,2, 1,10,1,10,1,10,1,130,1),
           ('03-0021','มีดพลาสติก',4,2, 1,10,1,10,1,10,1,95,1),
           ('03-0022','อลูมิเนียมฟอยล์',4,2, 1,12,225,14,1,14,1,1.4667,1),
           ('03-0025','ผ้าเช็ดจาน15*30',4,2, 1,10,1,10,1,10,1,395,1),
           ('03-0026','ตะเกียบ',4,2, 1,10,1,10,1,10,1,38,1),
           ('03-0027','ไม้จิ้มฟัน',4,2, 1,10,1,10,1,10,1,100,1),
           
           ('03-1001','น้ำยาล้างจาน',4,2, 1,13,1,13,1,13,1,100,1),
           ('03-1002','น้ำยาถูพื้น',4,2, 1,13,1,13,1,13,1,100,1),
           ('03-1006','ผงซักฝอกแบบน้ำ',4,2, 1,13,1,13,1,13,1,100,1),
           ('03-1007','สก็อตไบร์ท',4,2, 1,10,1,10,1,10,1,303,1),           
           ('03-1011','น้ำยาเช็ดกระจก',4,2, 1,13,1,13,1,13,1,100,1),
           
           ('03-2003','ถุง5*8',4,2, 1,10,1,10,1,10,1,42,1),
           ('03-2004','ถุง6*9',4,2, 1,10,1,10,1,10,1,42,1),
           ('03-2005','ถุงหิ้ว9*18',4,2, 1,10,1,10,1,10,1,47,1),
           ('03-2006','ถุงหิ้ว12*20(เจฟเฟอร์)',4,2, 1,10,1,10,1,10,1,50,1),
           ('03-2007','ถุงขยะ30*40',4,2, 1,10,1,10,1,10,1,66,1),
           ('03-2008','กล่องโฟมเล็ก100/p',4,2,1,6,1,6,1,6,1,52,1),
           ('03-2009','กล่องซิป',4,2,1,10,1,10,1,10,1,110,1),

			('03-2010','กล่องเทคโอม(เจฟเฟอร์)',4,2,1,10,1,06,1,06,1,317,1),
			('03-3002','ใบกำกับภาษี',4,2,1,15,1,15,1,15,1,0,1),
			('03-3003','กระดาษปริ้นเตอร์',4,2,1,12,1,12,1,12,1,0,1),
			('03-3004','กระดาษรูดบัตร',4,2,1,12,1,12,1,12,1,0,1),
			('03-3008','ผ้าหมึก',4,2,1,20,1,20,1,20,1,0,1),
			('03-3009','ใบปลิว',4,2,1,06,1,06,1,06,1,0,1),
			('03-3010','บัตรตอก',4,2,1,10,1,10,1,10,1,0,1),
			('04-0101','กุ้งชุบแป้งทอด',1,3,1,20,100,16,1,16,1,6.07,1),
			('04-0104','กุ้งสด',1,3,1,19,50,16,1,16,1,8.8,1),
			('04-0201','ปลาแซลมอนแล่ติดหนัง ตัดสเต็ก150g*5',1,3,1,10,5,11,1,11,1,72.6,1),
			('04-0202','ปลาคอต',1,3,1,17,33,11,1,11,1,63.3333,1),
			('04-0207','ปลาย่างใหญ่ (ปลาดอรี่เนื้อแดงแล่ 150-170g.)',1,3,1,17,50,11,1,11,1,15.4,1),
			('04-0209','ปลาทอด',1,3,1,17,45,11,1,11,1,19.6222,1),
			('04-0303','ปลาหมึกสด',1,3,1,19,90,11,1,11,1,1.8333,1),
			('04-0404','หอยเชลล์สด+ฝา',1,3,1,19,70,16,1,16,1,5.8143,1),
			('04-0405','หอยแมลงภู่',1,3,1,20,28,11,1,11,1,10.0714,1),
			('04-1002','แกะบดปรุงรส ไม่ใช้แล้ว',1,3,1,10,18,11,1,11,1,50.1111,1),
			('04-1004','แล็มแรค(5ชั้น/แพ็ค)',1,3,1,10,5,11,1,11,1,59.4,1),
			('04-2003','เทนเดอร์ลอยน์(10ชั้น/แพ็ค)',1,3,1,10,10,11,1,11,1,73.1,1),
			('04-2006','เนื้อโคบดปรุงรส(3แพ็ค/ลัง)',1,3,1,17,54,11,1,11,1,28,1),
			('04-2011','เนื้อบดปรุงรส(10ชิ้น/แพ็ค)',1,3,1,10,10,11,1,11,1,28.1,1),
			('04-2012','เนื้อวากิว 150 กรัม',1,3,1,11,1,11,1,11,1,139,1),
			('04-2013','เนื้อวากิว250 กรัม #UNUSE',1,3,1,11,1,11,1,11,1,245,1),
			('04-2017','ทีโบน(10ชิ้น/แพ็ค)',1,3,1,10,10,11,1,11,1,92.5,1),
			('04-2018','บีปสโตรกานอฟฟ์',1,3,1,10,5,19,1,19,1,25.4,1),
			('04-2021','ริบอาย 180g(10ชิ้น/แพ็ค)',1,3,1,10,10,11,1,11,1,58.9,1),
			('04-2023','ริบอาย 250g(10ชิ้น/แพ็ค)',1,3,1,10,10,11,1,11,1,72.9,1),
			('04-2028','สตูเนื้อ ',1,3,1,10,5,19,1,19,1,37.2,1),
			('04-3001','เจฟเฟอร์(10ชิ้น/ถุง)',1,3,1,19,10,11,1,11,1,26.4,1),
			('04-3002','เจฟเฟอร์ไก่วิง(แพ็ค)',1,3,1,10,5,19,1,19,1,15.4,1),
			('04-3003','เบอร์เกอร์ไก่',1,3,1,10,10,11,1,11,1,16,1),
			('04-3008','ชิกเก้นสโตรกานอฟฟ์',1,3,1,10,5,19,1,19,1,30,1),
			('04-3010','บัฟฟาโลว์วิงส์',1,3,1,10,5,9,1,9,1,39,1),
			('04-3011','ไก่ซี้ดเจฟเฟอร์',1,3,1,10,5,9,1,9,1,26.8,1),
			('04-3012','อกไก่เปปเปอร์',1,3,1,10,10,11,1,11,1,25.9,1),
			('04-3013','ไข่ไก่สด',1,4,1,30,1,30,1,30,1,3.67,1),
			('04-3101','อกเป็ดรมควัน ไม่ใช้แล้ว',1,3,1,10,5,11,1,11,1,103.6,1),
			('04-4002','ซี่โครง(4ชิ้น/แพ็ค)',1,3,1,10,4,11,1,11,1,74.5,1),
			('04-4004','พ็อคชอฟ(5ชิ้น/แพ็ค)',1,3,1,10,5,11,1,11,1,34.8,1),
			('04-4006','เบอร์เกอร์หมู(1011/10)',1,3,1,10,10,11,1,11,1,24.6,1),
			('04-4008','หมูพริกไทยดำไม่ได้ใช้งาน',1,3,1,10,10,11,1,11,1,29.7,1),
			('04-4009','หมูพริกไทยดำ',1,3,1,10,10,11,1,11,1,31.6,1),
			('04-5004','Boston(6ชิ้น/แพ็ค)',1,3,1,10,6,11,1,11,1,32.5,1),
			('04-5013','แฮมสเต็ก(6ชิ้น/แพ็ค)',1,3,1,10,6,11,1,11,1,32.5,1),
			('04-5015','ไส้กรอกหมู(8ชิ้น/แพ็ค)',1,3,1,10,8,11,1,11,1,24.375,1),
			('04-6001','เมล็ดผักรวม',1,3,1,19,1,1,1000,2,1000,53,1),
			('04-6002','ผักโขม',1,3,1,19,29,29,1,29,1,2,1),
			('04-6003','กิมจิ',1,4,1,19,500,2,1,2,1,0.046,1),
			('04-6007','FF Strightcut12mm4*2kg',1,3,1,17,5,19,2000,2,2000,147.2,1),
			('04-6008','เห็ดกระป๋อง',1,4,1,23,20,21,1,21,1,2.95,1),
			('04-6012','กิวี่สไลด์',1,4,1,19,1,19,100,11,100,79,1),
			('04-6013','สตอเบอรี่แช่แข็ง',1,4,1,19,1,19,120,22,120,73,1),
			('04-6014','ข้าวโพด',1,4,1,23,255,2,1,2,1,0.0941,1),
			('04-7001','ชีสแผ่น(Burger80Slice1Kg)',1,4,1,10,80,11,1,11,1,3.825,1),
			('04-7002','มอสเซเรล่า',1,4,1,19,1,1,1000,2,1000,306,1),
			('04-7003','พาเมซานชีส',1,4,1,19,0.5,1,1000,2,1000,800,1),
			('04-7004','ไม่ใช้ พามาซานชีส ตัวนี้',1,4,1,23,450,2,1,2,1,0.6111,1),
			('04-7006','เนยหยก',1,4,1,19,1,1,1000,2,1000,60,1),
			('04-7007','เนยอลาวรี่',1,4,1,29,1,29,454,2,454,139,1),
			('04-7009','มอสเซเรล่า 2 กิโล',1,4,1,19,2,1,1000,2,1000,306,1),
			('04-7014','เกาด้าชีส',1,4,1,11,250,2,1,2,1,0.472,1),
			('04-7101','เคมเบล',1,4,1,23,1,23,1,23,1,51,1),
			('04-7103','เทาซัน',1,4,1,19,1,1,1000,2,1000,89,1),
			('04-7107','ทาร์ทาซอส',1,4,1,19,1,1,1000,2,1000,80,1),
			('04-7109','น้ำสลัดซีซาร์เดรสซิ่ง1kg*6pc',1,4,1,19,1,1,1000,2,1000,101,1),
			('04-7110','น้ำสลัดเจฟเฟอร์1kg*12bags',1,4,1,19,1,1,1000,2,1000,66,1),
			('04-7112','มายองเนส',1,4,1,19,1,1,1000,2,1000,80,1),
			('04-7114','มาสตาร์ด',1,4,1,19,1,1,1000,2,1000,174,1),
			('04-7115','วิปปิ้งครีม13',1,4,1,20,1000,2,1,2,1,0.129,1),
			('04-9001','ซุปเนื้อตุ๋น(5ชิ้น/แพ็ค)',1,4,1,10,5,19,1,19,1,43.4,1),
			('04-9002','ซุปหมูตุ๋น(5ชิ้น/แพ็ค)',1,4,1,10,5,19,1,19,1,30.8,1),
			('04-9003','ซุปต้มยำ(5ชิ้น/แพ็ค)',1,4,1,10,5,19,1,19,1,3.6,1),
			('05-0001','เบคอนบิท',1,4,1,19,1,1,1000,2,1000,195,1),
			('05-0002','ข้าวหอมมะลิ',1,4,1,19,5,1,1000,2,1000,38.6,1),
			('05-0102','ขนมปังเบอร์เกอร์',1,4,1,19,9,11,1,11,1,3.8889,1),
			('05-0103','ขนมปังแซนวิช',1,4,1,10,24,11,1,11,1,1.25,1),
			('05-0105','เกล็ดขนมปัง',1,4,1,19,1,1,1000,2,1000,98,1),
			('05-0106','แป้งทอด',1,4,1,19,500,2,1,2,1,0.102,1),
			('05-0110','บราวนี่',1,4,1,10,8,11,1,11,1,25,1),
			('05-0111','แป้งเครป',1,4,1,10,6,11,1,11,1,14,1),
			('05-0112','เยลลี่เมล็ดกลาง',1,4,1,10,65,22,1,22,1,0.6923,1),
			('05-0115','ทอปปิ้งช็อตโกแลต',1,4,1,24,310,4,1,4,1,0.1839,1),
			('05-0202','ปลาทูน่ากระป๋อง ใหญ่',1,4,1,23,1800,2,1,2,1,0.1656,1),
			('05-0203','ปลาทูน่ากระป๋อง เล็ก',1,4,1,23,140,2,1,2,1,0.2643,1),
			('05-0204','ปลาบาซะ',1,3,1,10,1,16,1,16,1,30,1),
			('05-0303','สปาเก็ตตี้',1,4,1,19,1,1,1000,2,1000,52,1),
			('05-0304','มักกะโรนี',1,4,1,19,1,1,1000,2,1000,52,1),
			('05-0403','ใบโอริกาโน่แห้ง',1,4,1,24,76,2,1,2,1,3.3158,1),
			('05-0404','ใบพาสเล่ย์แห้ง',1,4,1,24,76,2,1,2,1,2.7632,1),
			('05-0502','งาขาว',1,4,1,10,100,2,1,2,1,0.14,1),
			('05-0503','เมล็ดพริกไทยดำ',1,4,1,19,1000,2,1,2,1,0.418,1),
			('05-0504','งาดำ',1,4,1,10,100,2,1,2,1,0.14,1),
			('05-0602','ถั่วอบน้ำผึ้ง',1,4,1,19,42,2,1,2,1,0.2381,1),
			('05-0603','ถั่วลิสง',1,4,1,19,1,1,1000,2,1000,33,1),
			('05-0701','นมข้นหวานตรามะลิ',1,4,1,23,1,23,1,23,1,30,1),
			('05-0702','ลูกอมเมนทอส',1,4,1,19,1,19,1,19,1,132,1),
			('05-0704','ครีมพร่องไขมันคาร์เนชั่น',1,4,1,23,385,2,1,2,1,0.0545,1),
			('05-0705','นมสด',1,4,1,13,5000,2,1,2,1,0.0422,1),
			('05-0730','เมล็ดกาแฟ',1,4,1,19,450,2,1,2,1,0.2222,1),
			('05-0731','คอฟฟี่เมตแบบ25',1,4,1,19,100,25,1,25,1,1.44,1),
			('05-0732','ชามะนาว',1,4,1,19,1,1,1000,2,1000,106,1),
			('05-0734','ชาลิปตัน',1,4,1,10,50,9,1,9,1,2.5,1),
			('05-0803','น้ำหวานรสสตอเบอรี่',1,4,1,13,5000,4,1,2,1,0.08,1),
			('05-0806','Zyrup Cola',1,4,1,17,18.925,3,1000,4,1000,78.1083,1),
			('05-0807','Zyrup Green',1,4,1,17,18.925,3,1000,4,1000,78.1083,1),
			('05-0808','Zyrup Red',1,4,1,17,18.925,3,1000,4,1000,78.1083,1),
			('05-0809','CO 2',1,4,1,17,9,1,1000,2,1000,33.17,1),
			('05-0810','Zyrup Sprite',1,4,1,17,18.925,3,1000,4,1000,78.1083,1),
			('05-0900','ไอศครีม วนิลา',1,4,1,17,18.925,3,1000,4,1000,0.14,1),
			('05-0904','ไวน์แดงผสมอาหาร (S)',1,4,1,24,1,24,450,2,450,295,1),
			('05-0905','ไวน์แดงผสมอาหาร (L)',1,4,1,24,1,24,2000,2,2000,429,1),
			('05-0907','ไวน์ขาวผสมอาหาร (S)',1,4,1,24,1,24,450,2,450,295,1),
			('05-0908','ไวน์ขาวผสมอาหาร (L)',1,4,1,24,1,24,2000,2,2000,429,1),
			('06-0101','ซุปเบส',1,4,1,19,500,2,1,2,1,0.18,1),
			('06-0102','soup base1Kg',1,4,1,23,1,1,1000,2,1000,172,1),
			('06-0103','ผงซอสฮันนี่',1,4,1,10,5,19,200,2,200,38.2,1),
			('06-0107','อโรมาต',1,4,1,23,1,1,1000,2,1000,196,1),
			('06-0131','แป้งข้าวโพด',1,4,1,10,200,2,1,2,1,0.105,1),
			('06-0201','ผงชูรส',1,4,1,19,1,1,1000,2,1000,90,1),
			('06-0202','ผงซอสพริกไทดำ(5ถุง/แพ็ค)',1,4,1,10,5,19,1,19,1,50.8,1),
			('06-0203','ผงซุปเห็ด(5ถุง/แพ็ค)',1,4,1,10,5,19,1,19,1,38.2,1),
			('06-0205','ผงปรุงรสไก่',1,4,1,19,1,1,1000,2,1000,96,1),
			('06-0207','ผงปาปริก้า',1,4,1,24,510,2,1,2,1,0.5353,1),
			('06-0208','ผงมะนาว',1,4,1,19,400,2,1,2,1,0.195,1),
			('06-0302','เกลือปรุงทิพย์',1,4,1,19,500,2,1,2,1,0.026,1),
			('06-0401','ซอส BBQ 0.5 Kg',1,4,1,19,500,1,1000,2,1000,0.092,1),
			('06-0402','ซอส BBQ 1 Kg',1,4,1,19,1,1,1000,2,1000,61,1),
			('06-0403','ซอสเปรี้ยว',1,4,1,24,1,24,1,31,1,85,1),
			('06-0404','ซอสเหยาะจิ้มแม็กกี้',1,4,1,10,6,24,1,31,1,21.5,1),
			('06-0406','ซอสทาบาสโก้',1,4,1,24,1,24,1,24,1,72,1),
			('06-0408','ซอสพริก(ขวด)',1,4,1,17,24,24,1,24,1,35.3333,1),
			('06-0409','ซอสพริก',1,4,1,17,6,19,1,19,1,25.3333,1),
			('06-0411','ซอสพริกซอง',1,4,1,10,100,25,1,25,1,0.78,1),
			('06-0412','ซอสมะเขือ',1,4,1,17,12,19,1,19,1,13.0833,1),
			('06-0413','ซอสมะเขือ(ขวด)',1,4,1,17,24,24,1,24,1,35.3333,1),
			('06-0416','ซอสมะเขือซอง',1,4,1,10,100,25,1,25,1,0.78,1),
			('06-0419','ซอสเทอริยากิ',1,4,1,10,1000,2,1,2,1,0.079,1),
			('06-0420','คิคูแมน',1,4,1,24,1000,4,1,4,1,0.083,1),
			('06-0421','น้ำซอสไก่ 500 กรัม',1,4,1,19,500,2,1,2,1,0.054,1),
			('06-0422','น้ำมันหอย',1,4,1,24,1000,4,1,4,1,0.041,1),
			('06-0502','ซีอิ๋วขาว',1,4,1,24,650,4,1,4,1,0.06,1),
			('06-0504','น้ำปลาทิพรสแบบขวดใหญ่',1,4,1,24,1.5,1,1000,2,1000,36,1),
			('06-0510','น้ำส้มสายชูกลั่น',1,4,1,13,5000,2,1,2,1,0.0144,1),
			('06-0550','น้ำพริกเผาไทย 900 กรัม',1,4,1,23,900,2,1,2,1,0.1133,1),
			('06-0551','พริกแกงเขียวหวาน',1,4,1,10,5,19,1,19,1,13.2,1),
			('06-0553','พริกแกงเผ็ด',1,4,1,10,5,19,1,19,1,17.6,1),
			('06-0554','หมูยัดไส้เบคอนชีส',1,4,1,10,5,11,1,11,1,27.6,1),
			('06-0601','น้ำตาลแบบซอง',1,4,1,19,100,25,1,25,1,1.9,1),
			('06-0603','น้ำตาลไอซิ่ง',1,4,1,19,1,1,1000,2,1000,42,1),
			('06-0604','น้ำตาลทรายแดง',1,4,1,19,1,1,1000,2,1000,33,1),
			('06-0605','น้ำตาลทรายขาว',1,4,1,19,1000,2,1,2,1,0.026,1),
			('06-0701','น้ำปรุงรสบราซิล',1,4,1,13,5000,2,1,2,1,0.05,1),
			('06-0702','น้ำผัดขี้เมา',1,4,1,13,4000,2,1,2,1,0.0875,1),
			('06-0703','น้ำมะขาม',1,4,1,19,1,1,1000,2,1000,109,1),
			('06-0801','น้ำผึ้ง',1,4,1,10,1000,2,1,2,1,0.193,1),
			('06-0901','น้ำมันงา',1,4,1,24,1000,2,1,2,1,0.177,1),
			('06-0910','น้ำมันถั่วเหลือง1000ซีซี',1,4,1,24,1000,2,1,2,1,0.05,1),
			('06-0920','น้ำมันทอด FF',1,4,1,26,1,26,1,26,1,539,1),
			('07-0301','น้ำดื่มคริสตัล 600CC.',1,4,1,10,12,24,1,24,1,4,1),
			('07-1003','เบียร์ไฮเนเก้นขวดเล็ก',1,4,1,17,24,24,1,24,1,40.7917,1),
			('07-1006','เบียร์สิงห์ขวดเล็ก',1,4,1,17,24,24,1,24,1,32.1667,1),
			('07-2102','เลมอนสควอซ',1,4,1,24,1000,2,1,2,1,0.053,1),
			('07-2104','เอสเขียว',1,4,1,17,94.62,3,1000,4,1000,0,1),
			('07-2105','เอสแดง',1,4,1,17,94.62,3,1000,4,1000,0,1),
			('07-2106','เอสส้ม',1,4,1,17,94.62,3,1000,4,1000,0,1),
			('07-2108','Strawberry Juice 50 มิลลิลิตร',1,4,1,24,1,24,50,4,50,40,1),
			('07-2109','น้ำหวานสตอเบอรี่ 5 ลิตร',1,4,1,13,5000,4,1,4,1,0.088,1),
			('07-2121','เอสโคล่า',1,4,1,17,94.62,3,1000,4,1000,0,1),
			('08-0001','กล้วยชุบแป้งทอด(30ชิ้น/แพ็ค)',1,4,1,10,30,11,1,11,1,7.3333,1),
			('08-0003','ชีสเค้ก',1,4,1,17,12,11,1,11,1,23,1),
			('08-0004','Chocolate Lava',1,4,1,20,12,11,1,11,1,37,1),
			('08-0005','Ms.Jessi(Strawberry)',1,4,1,20,1,11,1,11,1,189,1),
			('08-0006','Mr.Jef(Greentea)',1,4,1,20,1,11,1,11,1,189,1),
			('09-0003','ผักคอทจีน',1,4,1,1,1,1,1000,2,1000,69,1),
			('09-0004','แครอทจีน',1,4,1,1,1,1,1000,2,1000,25,1),
			('09-0005','เรดโครอล',1,4,1,1,1,1,1000,2,1000,109,1),
			('09-0006','ฟิลเลย์',1,4,1,1,1,1,1000,2,1000,89,1),
			('09-0007','ผักกาดแก้ว',1,4,1,1,1,1,1000,2,1000,49,1),
			('09-0008','กรีนโอ๊ค',1,4,1,1,1,1,1000,2,1000,89,1),
			('09-0009','เรคโอ๊ค',1,4,1,1,1,1,1000,2,1000,89,1),
			('09-0010','หอมใหญ่',1,4,1,1,1,1,1000,2,1000,25,1),
			('09-0011','มะเขือเทศท้อ',1,4,1,1,1,1,1000,2,1000,55,1),
			('09-0012','มะเขือเทศราชินี',1,4,1,1,1,1,1000,2,1000,89,1),
			('09-0013','แอ๊ปเปิ้ลเขียว',1,4,1,22,1,22,1,22,1,17,1),
			('09-0014','แอ๊ปเปิ้ลแดง',1,4,1,22,1,22,1,22,1,17,1),
			('09-0015','เซลารี่',1,4,1,1,1,1,1000,2,1000,79,1),
			('09-0016','พลาสเลย์สด',1,4,1,1,1,1,1000,2,1000,165,1),
			('09-0017','สาระแหน่',1,4,1,1,1,1,1000,2,1000,119,1),
			('09-0018','ตะไคร้',1,4,1,1,1,1,1000,2,1000,29,1),
			('09-0019','พริกขี้หนูสีแดง',1,4,1,1,1,1,1000,2,1000,89,1),
			('09-0020','ถั่วฝักยาว',1,4,1,1,1,1,1000,2,1000,75,1),
			('09-0021','มะละกอ',1,4,1,1,1,1,1000,2,1000,25,1),
			('09-0022','โหระพา',1,4,1,1,1,1,1000,2,1000,39,1),
			('09-0023','ข้าวโพดอ่อน',1,4,1,1,1,1,1000,2,1000,55,1),
			('09-0024','พริกไทยอ่อน',1,4,1,1,1,1,1000,2,1000,249,1),
			('09-0025','ต้นหอม',1,4,1,1,1,1,1000,2,1000,79,1),
			('09-0026','พริกขี้หนูสีเขียว',1,4,1,1,1,1,1000,2,1000,99,1),
			('09-0027','แตงโม',1,4,1,22,1800,2,1,2,1,0.0489,1),
			('09-0028','หอมแดง',1,4,1,1,1,1,1000,2,1000,69,1),
			('09-0029','มันฝรั่ง',1,4,1,1,1,1,1000,2,1000,37,1),
			('09-0030','กระเทียมปอกเปลือก',1,4,1,1,1,1,1000,2,1000,89,1),
			('09-0031','กระเทียมไม่ปอกเปลือก',1,4,1,1,1,1,1000,2,1000,69,1),
			('09-0032','มะนาว',1,4,1,22,1,22,1,22,1,1.9,1),
			('09-0033','กะหล่ำปลี',1,4,1,1,1,1,1000,2,1000,27,1),
			('09-0034','กระหล่ำม่วง',1,4,1,1,1,1,1000,2,1000,49,1),
			('09-0035','ผักกาดหอม',1,4,1,1,1,1,1000,2,1000,39,1),
			('09-0036','ผักชี',1,4,1,1,1,1,1000,2,1000,69,1),
			('09-0037','ใบมะกรูด',1,4,1,1,1,1,1000,2,1000,80,1),
			('09-0038','ข่า',1,4,1,1,1,1,1000,2,1000,75,1),
			('09-0039','ผักชีฝรั่ง',1,4,1,1,1,1,1000,2,1000,75,1),
			('09-0040','รากผักชี',1,4,1,1,1,1,1000,2,1000,69,1),
			('09-0043','สับปะรด',1,4,1,1,1000,2,1,2,1,0,1),
			('09-0047','กล้วยไข่',1,4,1,27,15,22,1,22,1,1.9333,1),
			('09-0048','น้ำแข็ง',1,4,1,19,20,1,1000,2,1000,2.5,1)   
GO
